customer_id,total_spent
CUST28,5403.87
CUST6,4926.4400000000005
CUST49,4417.28
CUST18,4315.92
CUST34,4263.62
CUST25,4092.14
CUST40,3854.5
CUST29,3171.14
CUST33,3170.7000000000003
CUST3,3129.94
